{"type":"footer","name":"Footer","sections":{"footer_icon_bar":{"type":"footer__icon-bar","blocks":{"text_1":{"type":"text","settings":{"icon":"leaf","text":"Family Owned","link":""}},"text_2":{"type":"text","settings":{"icon":"bookmark","text":"Australian Designed","link":""}},"text_3":{"type":"text","settings":{"icon":"chat","text":"Easy Returns","link":""}},"text_4":{"type":"text","settings":{"icon":"truck","text":"Free shipping orders $95+","link":""}},"text_7NxQHC":{"type":"text","settings":{"icon":"dollar","text":"Afterpay","link":""}}},"block_order":["text_1","text_2","text_3","text_4","text_7NxQHC"],"settings":{"show_icon_bar":true,"icon_position":"row","alignment":"center","mobile_alignment":"none","size":"medium","background":"#0081a7","link_color":"#ffffff","link_hover_color":"#000000","text_color":"#ffffff","width":"standard","css_class":"","custom_css":""}},"footer":{"type":"footer-classic","blocks":{"logo":{"type":"logo","settings":{"logo":"shopify:\/\/shop_images\/Tesselli_Logo_WHITE.png","size":"medium","text":"","social_icons_footer":true}},"link_list":{"type":"link_list","settings":{"menu":"footer","social_icons_footer":false}},"link_list_CYCkCJ":{"type":"link_list","settings":{"menu":"our-shoes","social_icons_footer":false}},"newsletter_JznEnt":{"type":"newsletter","settings":{"newsletter_title":"Stay in the loop","newsletter_richtext":"","display_first_name":true,"display_last_name":false}},"text":{"type":"text","disabled":true,"settings":{"title":"Title","content":"<p>Use this text to share information about your brand with your customers. Describe a product, share announcements, or welcome customers to your store.<\/p>","social_icons_footer":false}}},"block_order":["logo","link_list","link_list_CYCkCJ","newsletter_JznEnt","text"],"settings":{"copyright_text":"","display_designed_by":true,"display_shopify":false,"show_follow_on_shop":false,"show_locale_selector":false,"show_currency_selector":false,"display_payment_methods":true,"css_class":"","custom_css":""}}},"order":["footer_icon_bar","footer"]}