{"type":"header","name":"Header","sections":{"announcement_bar":{"type":"announcement-bar","settings":{"homepage_only":false,"enable_sticky":false,"show_close_icon":true,"icon_label":"","text":"<p><strong>Free Shipping over $95 | Afterpay avaliable<\/strong><\/p>","mobile_text":"","alignment":"center","size":"regular","button_label":"","link":"","button_style":"button--primary","background":"#0081a7","text_color":"#ffffff","width":"wide","css_class":"","custom_css":""}},"header_top_bar":{"type":"header__top-bar","blocks":{"social_media":{"type":"social_media","settings":{}},"header_icons_BzDdWG":{"type":"header_icons","settings":{}}},"block_order":["social_media","header_icons_BzDdWG"],"custom_css":[".is-width-wide header {margin-right: 0 !important; width: 100%;}"],"settings":{"icon_style":"icons","cart_button_background":"#000000","cart_button_text":"#ffffff","display_search":true,"background":"#ffffff","link_color":"#000000","link_hover_color":"rgba(0,0,0,0)","text_color":"rgba(0,0,0,0)","font":"open_sans_n4","font_style":"none","font_size":14,"letter_spacing":0,"show_locale_selector":true,"show_currency_selector":true,"width":"wide","css_class":"","custom_css":""}},"header":{"type":"header-classic","settings":{"logo":"shopify:\/\/shop_images\/Tesselli_Logo_BLACK.png","logo_width":155,"main_linklist":"main-menu","menu_alignment":"center","dropdown_click":false,"enable_overlay":false,"show_text_shadow":false,"overlay_link_color":"rgba(0,0,0,0)","overlay_link_hover_color":"rgba(0,0,0,0)","overlay_background":"rgba(0,0,0,0)","overlay_background_opacity":0,"overlay_logo_width":80,"enable_sticky":false,"sticky_background_opacity":50,"scroll_logo_width":200,"width":"standard","vertical_alignment":"center","css_class":"","custom_css":""}},"mega_menu":{"type":"mega-menu","blocks":{"image":{"type":"image","settings":{"image":"shopify:\/\/shop_images\/TESSELLI_BRAND_LOGO.jpg","image_link":"shopify:\/\/collections\/tesselli","image_caption":""}},"image_qJ6A3x":{"type":"image","settings":{"image":"shopify:\/\/shop_images\/HALSA_BRAND_LOGO.jpg","image_link":"shopify:\/\/collections\/halsa","image_caption":""}}},"block_order":["image","image_qJ6A3x"],"settings":{"parent_link":"Shop Brand","mega_menu_background_color":"#FFFFFF","mega_menu_text_color":"#404040","enable_mega_menu_border":false,"show_mega_bottom_bar":true,"mega_bottom_bar_icon":"","mega_bottom_bar_text":"FREE SHIPPING ON ORDERS OVER $95","mega_bottom_bar_link":"","size":"regular","bottom_banner_bg":"#bdd5e1","bottom_banner_text":"#0a0909","css_class":"","custom_css":""}}},"order":["announcement_bar","header_top_bar","header","mega_menu"]}