{"type":"header","name":"Header","sections":{"announcement_bar":{"type":"announcement-bar","settings":{}},"header":{"type":"header-vertical","blocks":{"logo":{"type":"logo","settings":{}},"icons":{"type":"icons","settings":{}},"search":{"type":"search","settings":{}},"navigation":{"type":"navigation","settings":{}},"payment_icons":{"type":"payment_icons","settings":{}},"copyright":{"type":"copyright","settings":{}}},"block_order":["logo","icons","search","navigation","payment_icons","copyright"],"settings":{}},"mega_menu":{"type":"mega-menu","blocks":{"menu":{"type":"menu","settings":{}},"featured_promo":{"type":"featured_promo","settings":{}},"mixed":{"type":"mixed","settings":{}},"empty_column":{"type":"empty_column","settings":{}},"image":{"type":"image","settings":{}},"featured_product":{"type":"featured_product","settings":{}}},"block_order":["menu","featured_promo","mixed","empty_column","image","featured_product"],"settings":{}}},"order":["announcement_bar","header","mega_menu"]}