{"current":{"border_color":"#bdd5e1","regular_color":"#0a0909","link_color":"#0b0b0b","link_hover_color":"#0b0b0b","heading_color":"#0a0909","divider_color":"#0a0909","logo_text":"#0b0b0b","header_background":"rgba(0,0,0,0)","header_link_color":"#0b0b0b","header_link_hover_color":"#0b0b0b","header_cart_badge_color":"#0b0b0b","cart_background_color":"#fdf7f0","show_dropdown_shadow":false,"dropdown_link_color":"#0b0b0b","dropdown_link_hover_color":"#0b0b0b","footer_background":"#00afb9","footer_link_hover_color":"#ffffff","review_star":"#32708c","sale_color":"#e66c6a","was_price_color":"#3b8693","product_hover_text_color":"#493b36","banner_bestseller":"#89bec7","banner_comingsoon":"#6c5d58","banner_new":"#89bec7","banner_preorder":"#fbf8f1","banner_sale":"#f1b5b4","banner_staffpick":"#00ab84","qty_icon_hover_color":"#029a77","qty_background_color":"#00afb9","qty_background_hover_color":"#ffffff","regular__font":"cabin_n4","regular_font_size":14,"logo__font":"cabin_n4","logo_font_size":15,"logo_font_style":"uppercase","nav__font":"cabin_n4","nav_font_size":15,"nav_letter_spacing":0,"nav_font_style":"uppercase","dropdown_heading_font_size":22,"dropdown_font_size":13,"dropdown_font_style":"uppercase","button__font":"cabin_n4","button_letter_spacing":1,"button_font_style":"uppercase","heading__font":"cabin_n4","heading_size":25,"heading_font_style":"uppercase","preheading_font":"cabin_n4","preheading_size":13,"preheading_style":"uppercase","subheading_font":"cabin_n4","subheading_style":"uppercase","banner_heading__font":"sans-serif","banner_heading_size":33,"banner_heading_style":"uppercase","banner_text__font":"sans-serif","banner_text_size":14,"banner_text_letter_spacing":0,"footer_heading_font_size":23,"footer_font_size":16,"header_layout":"classic","image_loading_style":"none","logo_mobile":"shopify:\/\/shop_images\/Tesselli_Logo_BLACK.png","mobile_logo_width":115,"show_locale_selector":false,"show_currency_selector":false,"mobile_menu_background_color":"#ffffff","mobile_menu_link_color":"#493b36","mobile_menu_link_hover_color":"#00afb9","button_primary_bg_color":"#f9caa0","button_primary_bg_color--highlight":"#0a0909","button_secondary_bg_color":"#0b0b0b","button_secondary_bg_color_transparency":100,"button_secondary_border_color":"rgba(0,0,0,0)","button_secondary_text_color":"#ffffff","button_secondary_bg_color--highlight":"#346a86","button_secondary_border_color--highlight":"rgba(0,0,0,0)","button_link_padding":"large","button_link_text_color":"#0b0b0b","button_link_text_color--highlight":"#0a0909","button_link_underline_thickness":2,"button_cart_bg_color":"#0b0b0b","button_cart_bg_color--highlight":"#0a0909","button_cart_icon":"basket","toggle_icon_style":"carets","media_share_style_link":"rounded","breadcrumb_separator":"bullet","breadcrumb_size":"small","use_placeholders":true,"enable_shopify_collection_badges":true,"thumbnail_hover_enabled":false,"thumbnail_text_alignment":"left","sticker_position":"right","collection_swatches":false,"product_form_style":"radio","enable_swatches":true,"swatch_trigger":"Colour","swatch_style":"rounded","notify_me_form":false,"size_chart":"size-chart","enable_quickshop":false,"show_dynamic_checkout_button":true,"quickshop_speed":1,"search_option":"product","search_menu":"main-menu","facebook_link":"https:\/\/facebook.com\/tessellishoes","instagram_link":"https:\/\/www.instagram.com\/tessellishoes\/","linkedin_link":"https:\/\/www.linkedin.com\/company\/tesselli-shoes\/","pinterest_link":"https:\/\/www.pinterest.com.au\/TesselliShoes\/","youtube_link":"https:\/\/www.youtube.com\/channel\/UCKB2_OODXxNhmsz2EyiMx8w","favicon":"shopify:\/\/shop_images\/Tesselli_Favicon.png","cart_icon":"basket","display_savings":true,"display_ajax_quantity_box":true,"shipping_calculator_default_country":"AU","checkout_logo_image":"shopify:\/\/shop_images\/Tesselli_Logo_BLACK.png","checkout_logo_position":"right","checkout_logo_size":"small","checkout_sidebar_background_color":"#fff6f0","checkout_accent_color":"#029a77","checkout_button_color":"#e36e1e","checkout_error_color":"#e32c2b","content_for_index":[],"blocks":{"7456567658179156570":{"type":"shopify:\/\/apps\/adroll-advertising-marketing\/blocks\/adroll-pixel\/c60853ed-1adb-4359-83ae-4ed43ed0b559","disabled":false,"settings":{"enable_email_capture":true}},"855628211100114053":{"type":"shopify:\/\/apps\/klaviyo-email-marketing-sms\/blocks\/klaviyo-onsite-embed\/2632fe16-c075-4321-a88b-50b567f42507","disabled":false,"settings":{}},"15683396631634586217":{"type":"shopify:\/\/apps\/inbox\/blocks\/chat\/841fc607-4181-4ad1-842d-e24d7f8bad6b","disabled":false,"settings":{"button_color":"#00afb9","secondary_color":"#FFFFFF","ternary_color":"#493b36","button_icon":"chat_bubble","button_text":"chat_with_us","button_horizontal_position":"bottom_right","button_vertical_position":"lowest","greeting_message":""}}}}}