{"sections":{"banner":{"type":"banner","disabled":true,"settings":{"image_darken":true,"subtitle":"Subheading","width":"wide","banner_height":"medium","padding_top":0,"padding_bottom":0,"css_class":"","custom_css":""}},"main":{"type":"cart__main","custom_css":[".cart__taxes-shipping-message{display: none;}"],"settings":{"display_product_quantity_cart":true,"display_savings":true,"cart_message":"","continue_shopping_link":"","width":"standard","padding_top":40,"padding_bottom":40,"css_class":"","custom_css":""}}},"order":["banner","main"]}