{"sections":{"banner":{"type":"fallback_image_banner","disabled":true,"settings":{"image_darken":true,"width":"wide","banner_height":"medium","padding_top":0,"padding_bottom":0,"css_class":"","custom_css":""}},"main":{"type":"collection__main","blocks":{"faceted_filtering_REKQf6":{"type":"faceted_filtering","settings":{}}},"block_order":["faceted_filtering_REKQf6"],"settings":{"collection_breadcrumb":false,"collection_tags":false,"collection_sort":false,"show_sidebar":true,"sidebar_position":"left","show_promo_banner":false,"image_darken":true,"promo_title":"Special sale on now!","promo_text":"<p>Description of promotion with lots of details.<\/p>","banner_height":"medium","align_height":false,"collection_height":200,"products_per_row":3,"mobile_products_per_row":"1","pagination_limit":48,"pagination_type":"basic_pagination","width":"standard","padding_top":0,"padding_bottom":40,"css_class":"","custom_css":""}}},"order":["banner","main"]}