{"sections":{"index_image_with_text_overlay_LdjnTU":{"type":"index__image-with-text-overlay","settings":{"image":"shopify:\/\/shop_images\/Tesselli_20_OFF_WEB.jpg","mobile_image":"shopify:\/\/shop_images\/TESSELLI_20_OFF_MOBILE.jpg","link":"shopify:\/\/collections\/new","pretext":"","title":"","subtitle":"","pretext_color":"#000000","heading_color":"#000000","subheading_color":"#000000","text_alignment":"center","text_horizontal_position":"center","text_vertical_position":"middle","text_width":40,"background_color":"#FFFFFF","background_opacity":77,"border_color":"#FFFFFF","border_width":0,"button_1":"","button_1_link":"","button_1_style":"button--secondary","button_2":"","button_2_link":"","button_2_style":"button--secondary","width":"wide","padding_top":0,"padding_bottom":0,"padding_left":0,"padding_right":0,"animation":"none","mobile_text_below_image":true,"mobile_preheading":"","mobile_heading":"","mobile_subheading":"","pretext_color_mobile":"rgba(0,0,0,0)","heading_color_mobile":"rgba(0,0,0,0)","subheading_color_mobile":"rgba(0,0,0,0)","text_alignment_mobile":"same_as_desktop","padding_top_mobile":0,"padding_bottom_mobile":0,"css_class":"","custom_css":""}},"index_newsletter_BQT773":{"type":"index__newsletter","settings":{"newsletter_title":"Subscribe","newsletter_richtext":"<p>Sign up to get the latest on sales, new releases and get $20 off your first purchase...<\/p>","newsletter_section_text_align":"center","display_first_name":true,"display_last_name":false,"background_color":"#e5e5e5","text_color":"#000000","image_darken":false,"image_position":"left","width":"wide","padding_top":0,"padding_bottom":0,"padding_left":0,"padding_right":0,"animation":"none","mobile_text_alignment":"none","padding_top_mobile":0,"padding_bottom_mobile":0,"css_class":"","custom_css":""}},"image_with_text_overlay":{"type":"index__image-with-text-overlay","settings":{"image":"shopify:\/\/shop_images\/Tesselli_Website_Banners_11.jpg","mobile_image":"shopify:\/\/shop_images\/Mobile_banner_shorter_11.jpg","link":"shopify:\/\/collections\/new","pretext":"","title":"","subtitle":"","pretext_color":"#000000","heading_color":"#000000","subheading_color":"#000000","text_alignment":"center","text_horizontal_position":"center","text_vertical_position":"middle","text_width":40,"background_color":"#ffffff","background_opacity":0,"border_color":"#ffffff","border_width":0,"button_1":"","button_1_link":"","button_1_style":"button--secondary","button_2":"","button_2_link":"","button_2_style":"button--secondary","width":"wide","padding_top":0,"padding_bottom":0,"padding_left":0,"padding_right":0,"animation":"none","mobile_text_below_image":true,"mobile_preheading":"","mobile_heading":"","mobile_subheading":"","pretext_color_mobile":"rgba(0,0,0,0)","heading_color_mobile":"rgba(0,0,0,0)","subheading_color_mobile":"rgba(0,0,0,0)","text_alignment_mobile":"same_as_desktop","padding_top_mobile":0,"padding_bottom_mobile":0,"css_class":"","custom_css":""}},"index_divider_6cgTJ7":{"type":"index__divider","settings":{"divider_style":"short","divider_width":0,"divider_color":"rgba(0,0,0,0)","alignment":"center","width":"standard","padding_top":10,"padding_bottom":0,"animation":"none","padding_top_mobile":0,"padding_bottom_mobile":0,"css_class":"","custom_css":""}},"index_featured_product_fLFrJT":{"type":"index__featured-product","blocks":{"title_c6JcXa":{"type":"title","settings":{}},"price_cHxnrC":{"type":"price","settings":{"display_savings":true}},"description_Ujtwjq":{"type":"description","settings":{"product_description":"","mobile_product_description":""}},"form_cdr3n7":{"type":"form","settings":{"show_payment_button":true}},"share_XRh8bD":{"type":"share","settings":{}}},"block_order":["title_c6JcXa","price_cHxnrC","description_Ujtwjq","form_cdr3n7","share_XRh8bD"],"settings":{"featured_product":"tesselli-malvin","product_images_position":"left","set_product_height":false,"product_height":500,"video_looping":false,"gallery_arrows":true,"enable_zoom":true,"enable_product_lightbox":true,"slideshow_speed":0,"slideshow_transition":"slide","display_thumbnails":true,"thumbnail_position":"bottom-thumbnails","enable_thumbnail_slider":true,"width":"standard","padding_top":20,"padding_bottom":20,"animation":"none","padding_top_mobile":20,"padding_bottom_mobile":20,"css_class":"","custom_css":""}},"index_image_with_text_overlay_bmRRVY":{"type":"index__image-with-text-overlay","disabled":true,"settings":{"image":"shopify:\/\/shop_images\/Tesselli_Website_Banners_18.png","mobile_image":"shopify:\/\/shop_images\/Tesselli_Website_Banners_18_3ab73de0-150d-4eff-ad7e-cd0957510185.png","link":"shopify:\/\/products\/gift-card","pretext":"","title":"","subtitle":"","pretext_color":"#000000","heading_color":"#000000","subheading_color":"#000000","text_alignment":"center","text_horizontal_position":"center","text_vertical_position":"middle","text_width":40,"background_color":"#ffffff","background_opacity":77,"border_color":"#ffffff","border_width":0,"button_1":"","button_1_link":"","button_1_style":"button--secondary","button_2":"","button_2_link":"","button_2_style":"button--secondary","width":"wide","padding_top":0,"padding_bottom":0,"padding_left":0,"padding_right":0,"animation":"none","mobile_text_below_image":true,"mobile_preheading":"","mobile_heading":"","mobile_subheading":"","pretext_color_mobile":"rgba(0,0,0,0)","heading_color_mobile":"rgba(0,0,0,0)","subheading_color_mobile":"rgba(0,0,0,0)","text_alignment_mobile":"same_as_desktop","padding_top_mobile":0,"padding_bottom_mobile":0,"css_class":"","custom_css":""}},"171332422558b4e635":{"type":"apps","blocks":{"judge_me_reviews_featured_carousel_DbwEef":{"type":"shopify:\/\/apps\/judge-me-reviews\/blocks\/featured_carousel\/61ccd3b1-a9f2-4160-9fe9-4fec8413e5d8","settings":{"maxwidth":1080}}},"block_order":["judge_me_reviews_featured_carousel_DbwEef"],"settings":{"width":"standard","padding_top":20,"padding_bottom":20,"css_class":"","custom_css":""}},"image_with_text":{"type":"index__image-with-text","blocks":{"1557099063267-0":{"type":"image","settings":{"image":"shopify:\/\/shop_images\/73.jpg","image_link":"shopify:\/\/collections\/sneakers-2"}},"1557099063267-1":{"type":"image","settings":{"image":"shopify:\/\/shop_images\/74.jpg","image_link":"shopify:\/\/collections\/boots-1"}},"image_ycYCLi":{"type":"image","settings":{"image":"shopify:\/\/shop_images\/75.jpg","image_link":"shopify:\/\/collections\/flats-2"}}},"block_order":["1557099063267-0","1557099063267-1","image_ycYCLi"],"disabled":true,"settings":{"width":"wide","show_gutter":true,"padding_top":20,"padding_bottom":20,"animation":"none","mobile_text_position":"same_as_desktop","mobile_padding_top":20,"mobile_padding_bottom":20,"css_class":"","custom_css":""}},"index_divider_PTiBD8":{"type":"index__divider","settings":{"divider_style":"short","divider_width":0,"divider_color":"rgba(0,0,0,0)","alignment":"center","width":"standard","padding_top":20,"padding_bottom":20,"animation":"none","padding_top_mobile":20,"padding_bottom_mobile":20,"css_class":"","custom_css":""}},"index_image_with_text_overlay_nWPzKy":{"type":"index__image-with-text-overlay","disabled":true,"settings":{"image":"shopify:\/\/shop_images\/Tesselli_Website_Banners_2_copy_2.jpg","mobile_image":"shopify:\/\/shop_images\/2_1c6f3f9e-9aea-4882-8a79-758c5b5f3dd3.jpg","link":"https:\/\/tesselli.com.au\/pages\/shop-by-fit","pretext":"","title":"","subtitle":"","pretext_color":"#000000","heading_color":"#000000","subheading_color":"#000000","text_alignment":"center","text_horizontal_position":"center","text_vertical_position":"middle","text_width":40,"background_color":"#ffffff","background_opacity":0,"border_color":"#ffffff","border_width":0,"button_1":"","button_1_link":"","button_1_style":"button--secondary","button_2":"","button_2_link":"","button_2_style":"button--secondary","width":"wide","padding_top":0,"padding_bottom":0,"padding_left":0,"padding_right":0,"animation":"none","mobile_text_below_image":true,"mobile_preheading":"","mobile_heading":"","mobile_subheading":"","pretext_color_mobile":"rgba(0,0,0,0)","heading_color_mobile":"rgba(0,0,0,0)","subheading_color_mobile":"rgba(0,0,0,0)","text_alignment_mobile":"same_as_desktop","padding_top_mobile":0,"padding_bottom_mobile":0,"css_class":"","custom_css":""}},"index_divider_qJFhAV":{"type":"index__divider","settings":{"divider_style":"short","divider_width":2,"divider_color":"rgba(0,0,0,0)","alignment":"center","width":"standard","padding_top":20,"padding_bottom":20,"animation":"none","padding_top_mobile":20,"padding_bottom_mobile":20,"css_class":"","custom_css":""}},"index_heading_dxxrWj":{"type":"index__heading","disabled":true,"settings":{"preheading":"<p>FOLLOW US ON INSTAGRAM<\/p>","title":"@TESSELLISHOES","subheading":"","heading_alignment":"center","vertical_spacing":"medium","preheading_color":"rgba(0,0,0,0)","heading_color":"rgba(0,0,0,0)","subheading_color":"rgba(0,0,0,0)","background":"rgba(0,0,0,0)","gradient":"rgba(0,0,0,0)","gradient_rotation":0,"width":"standard","padding_top":0,"padding_bottom":0,"padding_left":0,"padding_right":0,"animation":"none","mobile_text_alignment":"none","padding_top_mobile":20,"padding_bottom_mobile":20,"css_class":"","custom_css":""}},"custom_liquid_MemQw4":{"type":"custom-liquid","settings":{"custom_liquid":"<center><h3>follow on instagram<\/h3>\n<a href=\"https:\/\/www.instagram.com\/tessellishoes\/\"> @tessellishoes<\/a>"}},"index_gallery_tpM9HE":{"type":"index__gallery","blocks":{"image_CTWmpx":{"type":"image","settings":{"image":"shopify:\/\/shop_images\/Tesselli-Instagram-2.jpg","link":"https:\/\/www.instagram.com\/tessellishoes\/"}},"image_efJgeH":{"type":"image","settings":{"image":"shopify:\/\/shop_images\/Tesselli-instagram-Womens-1.jpg","link":"https:\/\/www.instagram.com\/tessellishoes\/"}},"image_ULFw3X":{"type":"image","settings":{"image":"shopify:\/\/shop_images\/Tesselli-Womens-Instagram.jpg","link":"https:\/\/www.instagram.com\/tessellishoes\/"}},"image_3mPR3w":{"type":"image","settings":{"image":"shopify:\/\/shop_images\/Tesselli-Instagram-Womens-Shoes-2.jpg","link":""}}},"block_order":["image_CTWmpx","image_efJgeH","image_ULFw3X","image_3mPR3w"],"settings":{"gallery_type":"classic","images_per_row":4,"crop_images":true,"enable_lightbox":false,"overlay_color":"#000000","link_color":"#ffffff","width":"standard","show_gutter":true,"padding_top":20,"padding_bottom":20,"animation":"none","mobile_layout":"stacked","crop_images_mobile":false,"show_arrows":true,"show_navigation_dots":true,"padding_top_mobile":20,"padding_bottom_mobile":20,"css_class":"","custom_css":""}}},"order":["index_image_with_text_overlay_LdjnTU","index_newsletter_BQT773","image_with_text_overlay","index_divider_6cgTJ7","index_featured_product_fLFrJT","index_image_with_text_overlay_bmRRVY","171332422558b4e635","image_with_text","index_divider_PTiBD8","index_image_with_text_overlay_nWPzKy","index_divider_qJFhAV","index_heading_dxxrWj","custom_liquid_MemQw4","index_gallery_tpM9HE"]}