{"sections":{"main":{"type":"page-content__main","settings":{"show_heading":true,"heading_alignment":"left","width":"standard","padding_top":40,"padding_bottom":0,"css_class":"","custom_css":""}},"contact":{"type":"index__contact-form","blocks":{"0943eae7-73e7-413a-ab5b-fd6a3f2d77a0":{"type":"paragraph","settings":{"text":"<p>We'd love to hear from you! Fill out our contact form to get in touch with our team. <\/p>"}},"dropdown_j9Kh9L":{"type":"dropdown","settings":{"label":"What can we help with?","required":false,"options_1":"General Query","options_2":"Online Orders","options_3":"Returns","options_4":"Other","options_5":"","options_6":"","options_7":"","options_8":"","options_9":"","options_10":""}},"819ccdac-5c74-43bc-b47b-4b11cc82382a":{"type":"textfield","settings":{"label":"Name","required":true}},"a8554837-a77c-4c87-8398-15cb200375c5":{"type":"email","settings":{"label":"Email"}},"433fc484-88c1-4ec8-8a8d-fc063586f91e":{"type":"textarea","settings":{"label":"Message","required":true}}},"block_order":["0943eae7-73e7-413a-ab5b-fd6a3f2d77a0","dropdown_j9Kh9L","819ccdac-5c74-43bc-b47b-4b11cc82382a","a8554837-a77c-4c87-8398-15cb200375c5","433fc484-88c1-4ec8-8a8d-fc063586f91e"],"settings":{"title":"LOOKING TO GET IN TOUCH?","content_text":"<p>We're always happy to chat and help answer any questions you may have! Please note, we try our best to respond to all inquiries within 48 hours, Monday - Friday.<\/p>","text_alignment":"left","social_enable":true,"background":"#fdf7f0","text_color":"#000000","form_position":"right","width":"standard","padding_top":0,"padding_bottom":40,"animation":"none","mobile_text_alignment":"none","padding_top_mobile":40,"padding_bottom_mobile":40,"css_class":"","custom_css":""}}},"order":["main","contact"]}