{"sections":{"index_image_with_text_overlay_TA3Qjc":{"type":"index__image-with-text-overlay","settings":{"image":"shopify:\/\/shop_images\/Tesselli_Website_Banners_1_f32e9157-ff92-49cf-b6c5-bb7b421659fd.jpg","mobile_image":"shopify:\/\/shop_images\/Tesselli_Website_Banners_1_bf6e9c9a-42d0-4df6-a70c-2cbc3c47e36e.jpg","link":"","pretext":"","title":"OUR STORY","subtitle":"","pretext_color":"#000000","heading_color":"#000000","subheading_color":"#000000","text_alignment":"center","text_horizontal_position":"center","text_vertical_position":"middle","text_width":40,"background_color":"#ffffff","background_opacity":100,"border_color":"#ffffff","border_width":0,"button_1":"","button_1_link":"","button_1_style":"button--secondary","button_2":"","button_2_link":"","button_2_style":"button--secondary","width":"wide","padding_top":0,"padding_bottom":0,"padding_left":0,"padding_right":0,"animation":"none","mobile_text_below_image":true,"mobile_preheading":"","mobile_heading":"","mobile_subheading":"","pretext_color_mobile":"rgba(0,0,0,0)","heading_color_mobile":"rgba(0,0,0,0)","subheading_color_mobile":"rgba(0,0,0,0)","text_alignment_mobile":"same_as_desktop","padding_top_mobile":0,"padding_bottom_mobile":0,"css_class":"","custom_css":""}},"1643780385087bd820":{"type":"index__image-with-text","disabled":true,"settings":{"width":"wide","show_gutter":true,"padding_top":20,"padding_bottom":20,"animation":"none","mobile_text_position":"same_as_desktop","mobile_padding_top":20,"mobile_padding_bottom":20,"css_class":"","custom_css":""}},"1637125183879ec578":{"type":"index__image-with-text","blocks":{"16371251821c07f722-2":{"type":"text","settings":{"title":"","heading_size":"large","text":"<p>Born from many years of experience & dedication to craft, Tesselli is a new name in the comfort footwear market. Built with all their flare and natural comfort afforded by its European origins, Tesselli is a testament that comfort and fashion is a holistic reality, not just a myth.<\/p><p><\/p><p>Australia’s newest comfort, fashion women’s footwear brand. Podiatrist & Fashionista friendly. Made in Turkey using luxurious leather and supportive foot beds.<\/p><p><\/p><p>From the patinas and soft hand feel of the luxurious leathers to the beautiful soft and supportive leather foot beds, Tesselli’s comfort range as been designed with style, comfort and adjustability in mind.<\/p><p><\/p><p>Tesselli is truly an evolution in comfort. Over the years we have perfected a shoe that truly offers premium comfort without compromising style and class. Our shoes are orthotic friendly, offer adjustable straps & removable foot bed, this footwear will be your new go-to.<\/p>","alignment":"center","vertical_position":"center","button_label":"","link":"","button_style":"button--primary","background":"rgba(0,0,0,0)","text_color":"rgba(0,0,0,0)","mobile_title":"","mobile_heading_size":"same_as_desktop","mobile_text":"","mobile_alignment":"same_as_desktop"}}},"block_order":["16371251821c07f722-2"],"settings":{"width":"standard","show_gutter":true,"padding_top":0,"padding_bottom":20,"animation":"none","mobile_text_position":"same_as_desktop","mobile_padding_top":20,"mobile_padding_bottom":20,"css_class":"","custom_css":""}},"template":{"type":"custom-landing","settings":{}}},"order":["index_image_with_text_overlay_TA3Qjc","1643780385087bd820","1637125183879ec578","template"]}