{"sections":{"breadcrumbs":{"type":"product__breadcrumb","settings":{"width":"standard","padding_top":20,"padding_bottom":20,"css_class":"","custom_css":""}},"sidebar":{"type":"product__sidebar","settings":{"padding_top":20,"padding_bottom":20,"css_class":"","custom_css":""}},"main":{"type":"product__main","blocks":{"title":{"type":"title","settings":{}},"price":{"type":"price","settings":{"display_savings":true}},"form":{"type":"form","settings":{"show_payment_button":true,"show_gift_card_recipient_form":false}},"description":{"type":"description","settings":{}}},"block_order":["title","price","form","description"],"settings":{"product_images_position":"left","set_product_height":true,"product_height":640,"video_looping":false,"gallery_arrows":true,"enable_zoom":true,"enable_product_lightbox":true,"slideshow_speed":4,"slideshow_transition":"slide","display_thumbnails":true,"thumbnail_position":"bottom-thumbnails","enable_thumbnail_slider":true,"width":"standard","padding_top":20,"padding_bottom":20,"animation":"none","css_class":"","custom_css":""}},"recommendations":{"type":"product__recommendations","settings":{"show_product_recommendations":true,"product_recommendations_style":"slider","product_recommendations_heading":"You may also like","products_per":4,"recommended_products_limit":6,"align_height":false,"collection_height":200,"width":"standard","padding_top":46,"padding_bottom":20,"animation":"none","padding_top_mobile":20,"padding_bottom_mobile":20,"css_class":"","custom_css":""}},"171334014700e4d498":{"type":"apps","blocks":{"judge_me_reviews_review_widget_6j3CyX":{"type":"shopify:\/\/apps\/judge-me-reviews\/blocks\/review_widget\/61ccd3b1-a9f2-4160-9fe9-4fec8413e5d8","settings":{}}},"block_order":["judge_me_reviews_review_widget_6j3CyX"],"settings":{"width":"standard","padding_top":20,"padding_bottom":20,"css_class":"","custom_css":""}}},"order":["breadcrumbs","sidebar","main","recommendations","171334014700e4d498"]}